rowname,word,prompt,suffix,vowel,carrier_sentence,target_sentence,target1,target2,category,derivational,nsyl
55,dinelt,dinelt,ban,e,Ez itt egy dinelt.,Ott vagyunk a...,dineltben,dineltban,dzsungel,NA,NA
56,klingesz,klingesz,ban,e,Ez itt egy klingesz.,Ott vagyunk a...,klingeszben,klingeszban,dzsungel,NA,NA
57,tranék,tranék,ban,é,Ez itt egy tranék.,Ott vagyunk a...,tranékben,tranékban,dzsungel,NA,NA
58,fojlegy,fojlegy,nak,e,Ez itt egy fojlegy.,Elneveztem a kutyámat...,fojlegynek,fojlegynak,dzsungel,NA,NA
59,gúden,gúden,ban,e,Ez itt egy gúden.,Ott vagyunk a...,gúdenben,gúdenban,dzsungel,NA,NA
60,klítegy,klítegy,nál,e,Ez itt egy klítegy.,Nincs is jobb egy jó...,klítegynél,klítegynál,dzsungel,NA,NA
61,spizec,spizec,nak,e,Ez itt egy spizec.,Elneveztem a kutyámat...,spizecnek,spizecnak,dzsungel,NA,NA
62,fájéz,fájéz,ban,é,Ez itt egy fájéz.,Ott vagyunk a...,fájézben,fájézban,dzsungel,NA,NA
63,navec,navec,ban,e,Ez itt egy navec.,Ott vagyunk a...,navecben,navecban,dzsungel,NA,NA
64,ronvet,ronvet,nak,e,Ez itt egy ronvet.,Elneveztem a kutyámat...,ronvetnek,ronvetnak,dzsungel,NA,NA
65,cságyelt,cságyelt,ban,e,Ez itt egy cságyelt.,Ott vagyunk a...,cságyeltben,cságyeltban,dzsungel,NA,NA
66,jóbec,jóbec,nak,e,Ez itt egy jóbec.,Elneveztem a kutyámat...,jóbecnek,jóbecnak,dzsungel,NA,NA
67,zsigén,zsigén,nál,é,Ez itt egy zsigén.,Nincs is jobb egy jó...,zsigénnél,zsigénnál,dzsungel,NA,NA
68,szanéj,szanéj,nak,é,Ez itt egy szanéj.,Elneveztem a kutyámat...,szanéjnek,szanéjnak,dzsungel,NA,NA
69,fupét,fupét,nál,é,Ez itt egy fupét.,Nincs is jobb egy jó...,fupétnél,fupétnál,dzsungel,NA,NA
70,sortem,sortem,nál,e,Ez itt egy sortem.,Nincs is jobb egy jó...,sortemnél,sortemnál,dzsungel,NA,NA
71,kalréz,kalréz,ban,é,Ez itt egy kalréz.,Ott vagyunk a...,kalrézben,kalrézban,dzsungel,NA,NA
72,nyamet,nyamet,ban,e,Ez itt egy nyamet.,Ott vagyunk a...,nyametben,nyametban,dzsungel,NA,NA
73,pítend,pítend,ban,e,Ez itt egy pítend.,Ott vagyunk a...,pítendben,pítendban,dzsungel,NA,NA
74,ikszert,ikszert,ban,e,Ez itt egy ikszert.,Ott vagyunk a...,ikszertben,ikszertban,dzsungel,NA,NA
75,dihely,dihely,nak,e,Ez itt egy dihely.,Elneveztem a kutyámat...,dihelynek,dihelynak,dzsungel,NA,NA
76,nyábét,nyábét,ban,é,Ez itt egy nyábét.,Ott vagyunk a...,nyábétben,nyábétban,dzsungel,NA,NA
77,sprízem,sprízem,nál,e,Ez itt egy sprízem.,Nincs is jobb egy jó...,sprízemnél,sprízemnál,dzsungel,NA,NA
78,csinték,csinték,ban,é,Ez itt egy csinték.,Ott vagyunk a...,csintékben,csintékban,dzsungel,NA,NA
79,kluhéj,kluhéj,nál,é,Ez itt egy kluhéj.,Nincs is jobb egy jó...,kluhéjnél,kluhéjnál,dzsungel,NA,NA
80,tosély,tosély,ban,é,Ez itt egy tosély.,Ott vagyunk a...,tosélyben,tosélyban,dzsungel,NA,NA
81,sporzem,sporzem,nak,e,Ez itt egy sporzem.,Elneveztem a kutyámat...,sporzemnek,sporzemnak,dzsungel,NA,NA
82,spivél,spivél,nak,é,Ez itt egy spivél.,Elneveztem a kutyámat...,spivélnek,spivélnak,dzsungel,NA,NA
83,tumély,tumély,nál,é,Ez itt egy tumély.,Nincs is jobb egy jó...,tumélynél,tumélynál,dzsungel,NA,NA
84,zarcég,zarcég,nál,é,Ez itt egy zarcég.,Nincs is jobb egy jó...,zarcégnél,zarcégnál,dzsungel,NA,NA
85,vorszen,vorszen,nál,e,Ez itt egy vorszen.,Nincs is jobb egy jó...,vorszennél,vorszennál,dzsungel,NA,NA
86,trigenc,trigenc,nak,e,Ez itt egy trigenc.,Elneveztem a kutyámat...,trigencnek,trigencnak,dzsungel,NA,NA
87,lingék,lingék,nál,é,Ez itt egy lingék.,Nincs is jobb egy jó...,lingéknél,lingéknál,dzsungel,NA,NA
88,spáten,spáten,nak,e,Ez itt egy spáten.,Elneveztem a kutyámat...,spátennek,spátennak,dzsungel,NA,NA
89,jábéz,jábéz,ban,é,Ez itt egy jábéz.,Ott vagyunk a...,jábézben,jábézban,dzsungel,NA,NA
90,rapszek,rapszek,nál,e,Ez itt egy rapszek.,Nincs is jobb egy jó...,rapszeknél,rapszeknál,dzsungel,NA,NA
91,giheszt,giheszt,nak,e,Ez itt egy giheszt.,Elneveztem a kutyámat...,gihesztnek,gihesztnak,dzsungel,NA,NA
92,kátéd,kátéd,nál,é,Ez itt egy kátéd.,Nincs is jobb egy jó...,kátédnél,kátédnál,dzsungel,NA,NA
93,garcép,garcép,nál,é,Ez itt egy garcép.,Nincs is jobb egy jó...,garcépnél,garcépnál,dzsungel,NA,NA
94,nidét,nidét,ban,é,Ez itt egy nidét.,Ott vagyunk a...,nidétben,nidétban,dzsungel,NA,NA
95,lijez,lijez,nak,e,Ez itt egy lijez.,Elneveztem a kutyámat...,lijeznek,lijeznak,dzsungel,NA,NA
96,klajrén,klajrén,nak,é,Ez itt egy klajrén.,Elneveztem a kutyámat...,klajrénnek,klajrénnak,dzsungel,NA,NA
97,dingec,dingec,nak,e,Ez itt egy dingec.,Elneveztem a kutyámat...,dingecnek,dingecnak,dzsungel,NA,NA
98,zuten,zuten,nál,e,Ez itt egy zuten.,Nincs is jobb egy jó...,zutennél,zutennál,dzsungel,NA,NA
99,csimen,csimen,nál,e,Ez itt egy csimen.,Nincs is jobb egy jó...,csimennél,csimennál,dzsungel,NA,NA
100,brágéd,brágéd,nak,é,Ez itt egy brágéd.,Elneveztem a kutyámat...,brágédnek,brágédnak,dzsungel,NA,NA
101,forzéd,forzéd,nak,é,Ez itt egy forzéd.,Elneveztem a kutyámat...,forzédnek,forzédnak,dzsungel,NA,NA
102,prately,prately,nak,e,Ez itt egy prately.,Elneveztem a kutyámat...,pratelynek,pratelynak,dzsungel,NA,NA
103,dóbem,dóbem,nak,e,Ez itt egy dóbem.,Elneveztem a kutyámat...,dóbemnek,dóbemnak,dzsungel,NA,NA
104,bingéj,bingéj,nak,é,Ez itt egy bingéj.,Elneveztem a kutyámat...,bingéjnek,bingéjnak,dzsungel,NA,NA
105,ítens,ítens,ban,e,Ez itt egy ítens.,Ott vagyunk a...,ítensben,ítensban,dzsungel,NA,NA
106,klazér,klazér,ban,é,Ez itt egy klazér.,Ott vagyunk a...,klazérben,klazérban,dzsungel,NA,NA
107,zihenc,zihenc,nak,e,Ez itt egy zihenc.,Elneveztem a kutyámat...,zihencnek,zihencnak,dzsungel,NA,NA
108,júder,júder,nak,e,Ez itt egy júder.,Elneveztem a kutyámat...,júdernek,júdernak,dzsungel,NA,NA
55,flűmlik,flűmlesz,NA,NA,Te bizony sokat flűmlesz.,Én is sokat...,flűmlök,flűmlöm,lakik,-lik,1
56,jonylik,jonylasz,NA,NA,Te bizony sokat jonylasz.,Én is sokat...,jonylok,jonylom,lakik,-lik,1
57,spülűdzik,spülűdzöl,NA,NA,Te bizony sokat spülűdzöl.,Én is sokat...,spülűdzök,spülűdzöm,lakik,-zik,2
58,femlik,femlesz,NA,NA,Te bizony sokat femlesz.,Én is sokat...,femlek,femlem,lakik,-lik,1
59,ribzik,ribzol,NA,NA,Te bizony sokat ribzol.,Én is sokat...,ribzok,ribzom,lakik,-zik,1
60,spüjzik,spüjzöl,NA,NA,Te bizony sokat spüjzöl.,Én is sokat...,spüjzök,spüjzöm,lakik,-zik,1
61,plugzik,plugzol,NA,NA,Te bizony sokat plugzol.,Én is sokat...,plugzok,plugzom,lakik,-zik,1
62,frodlik,frodlasz,NA,NA,Te bizony sokat frodlasz.,Én is sokat...,frodlok,frodlom,lakik,-lik,1
63,szirlik,szirlasz,NA,NA,Te bizony sokat szirlasz.,Én is sokat...,szirlok,szirlom,lakik,-lik,1
64,ribegzik,ribegzel,NA,NA,Te bizony sokat ribegzel.,Én is sokat...,ribegzek,ribegzem,lakik,-zik,2
65,tiregzik,tiregzel,NA,NA,Te bizony sokat tiregzel.,Én is sokat...,tiregzek,tiregzem,lakik,-zik,2
66,fibamlik,fibamlasz,NA,NA,Te bizony sokat fibamlasz.,Én is sokat...,fibamlok,fibamlom,lakik,-lik,2
67,prohódzik,prohódzol,NA,NA,Te bizony sokat prohódzol.,Én is sokat...,prohódzok,prohódzom,lakik,-zik,2
68,driládzik,driládzol,NA,NA,Te bizony sokat driládzol.,Én is sokat...,driládzok,driládzom,lakik,-zik,2
69,bivégszik,bivégszel,NA,NA,Te bizony sokat bivégszel.,Én is sokat...,bivégszek,bivégszem,lakik,-szik,2
70,spatárzik,spatárzol,NA,NA,Te bizony sokat spatárzol.,Én is sokat...,spatárzok,spatárzom,lakik,-zik,2
71,brivegzik,brivegzel,NA,NA,Te bizony sokat brivegzel.,Én is sokat...,brivegzek,brivegzem,lakik,-zik,2
72,brágaklik,brágaklasz,NA,NA,Te bizony sokat brágaklasz.,Én is sokat...,brágaklok,brágaklom,lakik,-lik,2
73,klidlik,klidlasz,NA,NA,Te bizony sokat klidlasz.,Én is sokat...,klidlok,klidlom,lakik,-lik,1
74,péleslik,péleslesz,NA,NA,Te bizony sokat péleslesz.,Én is sokat...,péleslek,péleslem,lakik,-lik,2
75,sojzik,sojzol,NA,NA,Te bizony sokat sojzol.,Én is sokat...,sojzok,sojzom,lakik,-zik,1
76,figlik,figlasz,NA,NA,Te bizony sokat figlasz.,Én is sokat...,figlok,figlom,lakik,-lik,1
77,huroslik,huroslasz,NA,NA,Te bizony sokat huroslasz.,Én is sokat...,huroslok,huroslom,lakik,-lik,2
78,flehékszik,flehékszel,NA,NA,Te bizony sokat flehékszel.,Én is sokat...,flehékszek,flehékszem,lakik,-szik,2
79,fivénylik,fivénylesz,NA,NA,Te bizony sokat fivénylesz.,Én is sokat...,fivénylek,fivénylem,lakik,-lik,2
80,juszlik,juszlasz,NA,NA,Te bizony sokat juszlasz.,Én is sokat...,juszlok,juszlom,lakik,-lik,1
81,praslik,praslasz,NA,NA,Te bizony sokat praslasz.,Én is sokat...,praslok,praslom,lakik,-lik,1
82,spihegzik,spihegzel,NA,NA,Te bizony sokat spihegzel.,Én is sokat...,spihegzek,spihegzem,lakik,-zik,2
83,flagánylik,flagánylasz,NA,NA,Te bizony sokat flagánylasz.,Én is sokat...,flagánylok,flagánylom,lakik,-lik,2
84,ruslik,ruslasz,NA,NA,Te bizony sokat ruslasz.,Én is sokat...,ruslok,ruslom,lakik,-lik,1
85,csíszlik,csíszlasz,NA,NA,Te bizony sokat csíszlasz.,Én is sokat...,csíszlok,csíszlom,lakik,-lik,1
86,szűslik,szűslesz,NA,NA,Te bizony sokat szűslesz.,Én is sokat...,szűslök,szűslöm,lakik,-lik,1
87,tomlik,tomlasz,NA,NA,Te bizony sokat tomlasz.,Én is sokat...,tomlok,tomlom,lakik,-lik,1
88,flüröslik,flüröslesz,NA,NA,Te bizony sokat flüröslesz.,Én is sokat...,flüröslök,flüröslöm,lakik,-lik,2
89,lorjódzik,lorjódzol,NA,NA,Te bizony sokat lorjódzol.,Én is sokat...,lorjódzok,lorjódzom,lakik,-zik,2
90,sprogzik,sprogzol,NA,NA,Te bizony sokat sprogzol.,Én is sokat...,sprogzok,sprogzom,lakik,-zik,1
91,flitlik,flitlasz,NA,NA,Te bizony sokat flitlasz.,Én is sokat...,flitlok,flitlom,lakik,-lik,1
92,flűröklik,flűröklesz,NA,NA,Te bizony sokat flűröklesz.,Én is sokat...,flűröklök,flűröklöm,lakik,-lik,2
93,floglik,floglasz,NA,NA,Te bizony sokat floglasz.,Én is sokat...,floglok,floglom,lakik,-lik,1
94,flibekszik,flibekszel,NA,NA,Te bizony sokat flibekszel.,Én is sokat...,flibekszek,flibekszem,lakik,-szik,2
95,gilárzik,gilárzol,NA,NA,Te bizony sokat gilárzol.,Én is sokat...,gilárzok,gilárzom,lakik,-zik,2
96,pratánylik,pratánylasz,NA,NA,Te bizony sokat pratánylasz.,Én is sokat...,pratánylok,pratánylom,lakik,-lik,2
97,spáraklik,spáraklasz,NA,NA,Te bizony sokat spáraklasz.,Én is sokat...,spáraklok,spáraklom,lakik,-lik,2
98,friszlik,friszlasz,NA,NA,Te bizony sokat friszlasz.,Én is sokat...,friszlok,friszlom,lakik,-lik,1
99,flátszik,flátszol,NA,NA,Te bizony sokat flátszol.,Én is sokat...,flátszok,flátszom,lakik,-szik,1
100,pivegszik,pivegszel,NA,NA,Te bizony sokat pivegszel.,Én is sokat...,pivegszek,pivegszem,lakik,-szik,2
101,prihekszik,prihekszel,NA,NA,Te bizony sokat prihekszel.,Én is sokat...,prihekszek,prihekszem,lakik,-szik,2
102,lihadzik,lihadzol,NA,NA,Te bizony sokat lihadzol.,Én is sokat...,lihadzok,lihadzom,lakik,-zik,2
103,csólorzik,csólorzol,NA,NA,Te bizony sokat csólorzol.,Én is sokat...,csólorzok,csólorzom,lakik,-zik,2
104,fligzik,fligzol,NA,NA,Te bizony sokat fligzol.,Én is sokat...,fligzok,fligzom,lakik,-zik,1
105,spubonylik,spubonylasz,NA,NA,Te bizony sokat spubonylasz.,Én is sokat...,spubonylok,spubonylom,lakik,-lik,2
106,kumlik,kumlasz,NA,NA,Te bizony sokat kumlasz.,Én is sokat...,kumlok,kumlom,lakik,-lik,1
107,nűröklik,nűröklesz,NA,NA,Te bizony sokat nűröklesz.,Én is sokat...,nűröklök,nűröklöm,lakik,-lik,2
108,pribemlik,pribemlesz,NA,NA,Te bizony sokat pribemlesz.,Én is sokat...,pribemlek,pribemlem,lakik,-lik,2
55,klűmlik / klűmözik,"klűmlik, klűmözni",tek,NA,"János imád klűmözni, ezért sokat klűmlik.",Ti ritkán...,klűmlötök,klűmöztök,cselekszik,-lik,1
56,dabzik / dabozik,"dabzik, dabozni",tek,NA,"János imád dabozni, ezért sokat dabzik.",Ti ritkán...,dabzotok,daboztok,cselekszik,-zik,1
57,frálaslik / frálasozik,"frálaslik, frálasozni",nek,NA,"János imád frálasozni, ezért sokat frálaslik.",Ők ritkán...,frálaslanak,frálasoznak,cselekszik,-lik,2
58,csubzik / csubozik,"csubzik, csubozni",ünk,NA,"János imád csubozni, ezért sokat csubzik.",Mi ritkán...,csubzunk,csubozunk,cselekszik,-zik,1
59,metégszik / metégedik,"metégszik, metégedni",nek,NA,"János imád metégedni, ezért sokat metégszik.",Ők ritkán...,metégszenek,metégednek,cselekszik,-szik,2
60,klehénylik / klehényezik,"klehénylik, klehényezni",tek,NA,"János imád klehényezni, ezért sokat klehénylik.",Ti ritkán...,klehényletek,klehényeztek,cselekszik,-lik,2
61,míjzik / míjozik,"míjzik, míjozni",ünk,NA,"János imád míjozni, ezért sokat míjzik.",Mi ritkán...,míjzunk,míjozunk,cselekszik,-zik,1
62,lírlik / lírozik,"lírlik, lírozni",nek,NA,"János imád lírozni, ezért sokat lírlik.",Ők ritkán...,lírlanak,líroznak,cselekszik,-lik,1
63,trírzik / trírozik,"trírzik, trírozni",ünk,NA,"János imád trírozni, ezért sokat trírzik.",Mi ritkán...,trírzunk,trírozunk,cselekszik,-zik,1
64,fröjlik / fröjözik,"fröjlik, fröjözni",ünk,NA,"János imád fröjözni, ezért sokat fröjlik.",Mi ritkán...,fröjlünk,fröjözünk,cselekszik,-lik,1
65,mihágzik / mihágozik,"mihágzik, mihágozni",tek,NA,"János imád mihágozni, ezért sokat mihágzik.",Ti ritkán...,mihágzotok,mihágoztok,cselekszik,-zik,2
66,prazlik / prazozik,"prazlik, prazozni",ünk,NA,"János imád prazozni, ezért sokat prazlik.",Mi ritkán...,prazlunk,prazozunk,cselekszik,-lik,1
67,nyádlik / nyádozik,"nyádlik, nyádozni",nek,NA,"János imád nyádozni, ezért sokat nyádlik.",Ők ritkán...,nyádlanak,nyádoznak,cselekszik,-lik,1
68,poslik / posozik,"poslik, posozni",tek,NA,"János imád posozni, ezért sokat poslik.",Ti ritkán...,poslotok,posoztok,cselekszik,-lik,1
69,frivamlik / frivamozik,"frivamlik, frivamozni",ünk,NA,"János imád frivamozni, ezért sokat frivamlik.",Mi ritkán...,frivamlunk,frivamozunk,cselekszik,-lik,2
70,nyürzik / nyürözik,"nyürzik, nyürözni",nek,NA,"János imád nyürözni, ezért sokat nyürzik.",Ők ritkán...,nyürzenek,nyüröznek,cselekszik,-zik,1
71,gyihegzik / gyihegezik,"gyihegzik, gyihegezni",tek,NA,"János imád gyihegezni, ezért sokat gyihegzik.",Ti ritkán...,gyihegzetek,gyihegeztek,cselekszik,-zik,2
72,sponylik / sponyozik,"sponylik, sponyozni",nek,NA,"János imád sponyozni, ezért sokat sponylik.",Ők ritkán...,sponylanak,sponyoznak,cselekszik,-lik,1
73,dárakszik / dárakodik,"dárakszik, dárakodni",ünk,NA,"János imád dárakodni, ezért sokat dárakszik.",Mi ritkán...,dárakszunk,dárakodunk,cselekszik,-szik,2
74,spiharzik / spiharozik,"spiharzik, spiharozni",tek,NA,"János imád spiharozni, ezért sokat spiharzik.",Ti ritkán...,spiharzotok,spiharoztok,cselekszik,-zik,2
75,livénylik / livényezik,"livénylik, livényezni",ünk,NA,"János imád livényezni, ezért sokat livénylik.",Mi ritkán...,livénylünk,livényezünk,cselekszik,-lik,2
76,sprigzik / sprigozik,"sprigzik, sprigozni",tek,NA,"János imád sprigozni, ezért sokat sprigzik.",Ti ritkán...,sprigzotok,sprigoztok,cselekszik,-zik,1
77,spöklik / spöközik,"spöklik, spöközni",ünk,NA,"János imád spöközni, ezért sokat spöklik.",Mi ritkán...,spöklünk,spöközünk,cselekszik,-lik,1
78,nuroklik / nurokozik,"nuroklik, nurokozni",ünk,NA,"János imád nurokozni, ezért sokat nuroklik.",Mi ritkán...,nuroklunk,nurokozunk,cselekszik,-lik,2
79,tribejlik / tribejezik,"tribejlik, tribejezni",tek,NA,"János imád tribejezni, ezért sokat tribejlik.",Ti ritkán...,tribejletek,tribejeztek,cselekszik,-lik,2
80,gihamlik / gihamozik,"gihamlik, gihamozni",nek,NA,"János imád gihamozni, ezért sokat gihamlik.",Ők ritkán...,gihamlanak,gihamoznak,cselekszik,-lik,2
81,flézlik / flézezik,"flézlik, flézezni",tek,NA,"János imád flézezni, ezért sokat flézlik.",Ti ritkán...,flézletek,flézeztek,cselekszik,-lik,1
82,sprűrlik / sprűrözik,"sprűrlik, sprűrözni",nek,NA,"János imád sprűrözni, ezért sokat sprűrlik.",Ők ritkán...,sprűrlenek,sprűröznek,cselekszik,-lik,1
83,branylik / branyozik,"branylik, branyozni",nek,NA,"János imád branyozni, ezért sokat branylik.",Ők ritkán...,branylanak,branyoznak,cselekszik,-lik,1
84,flemlik / flemezik,"flemlik, flemezni",ünk,NA,"János imád flemezni, ezért sokat flemlik.",Mi ritkán...,flemlünk,flemezünk,cselekszik,-lik,1
85,fréslik / frésezik,"fréslik, frésezni",ünk,NA,"János imád frésezni, ezért sokat fréslik.",Mi ritkán...,fréslünk,frésezünk,cselekszik,-lik,1
86,sprebzik / sprebezik,"sprebzik, sprebezni",nek,NA,"János imád sprebezni, ezért sokat sprebzik.",Ők ritkán...,sprebzenek,sprebeznek,cselekszik,-zik,1
87,drojzik / drojozik,"drojzik, drojozni",ünk,NA,"János imád drojozni, ezért sokat drojzik.",Mi ritkán...,drojzunk,drojozunk,cselekszik,-zik,1
88,bribékszik / bribékedik,"bribékszik, bribékedni",tek,NA,"János imád bribékedni, ezért sokat bribékszik.",Ti ritkán...,bribékszetek,bribékedtek,cselekszik,-szik,2
89,molszik / molodik,"molszik, molodni",tek,NA,"János imád molodni, ezért sokat molszik.",Ti ritkán...,molszotok,molodtok,cselekszik,-szik,1
90,spügzik / spügözik,"spügzik, spügözni",ünk,NA,"János imád spügözni, ezért sokat spügzik.",Mi ritkán...,spügzünk,spügözünk,cselekszik,-zik,1
91,flodlik / flodozik,"flodlik, flodozni",tek,NA,"János imád flodozni, ezért sokat flodlik.",Ti ritkán...,flodlotok,flodoztok,cselekszik,-lik,1
92,játlik / játozik,"játlik, játozni",ünk,NA,"János imád játozni, ezért sokat játlik.",Mi ritkán...,játlunk,játozunk,cselekszik,-lik,1
93,trugzik / trugozik,"trugzik, trugozni",nek,NA,"János imád trugozni, ezért sokat trugzik.",Ők ritkán...,trugzanak,trugoznak,cselekszik,-zik,1
94,spibeglik / spibegezik,"spibeglik, spibegezni",ünk,NA,"János imád spibegezni, ezért sokat spibeglik.",Mi ritkán...,spibeglünk,spibegezünk,cselekszik,-lik,2
95,kluzlik / kluzozik,"kluzlik, kluzozni",tek,NA,"János imád kluzozni, ezért sokat kluzlik.",Ti ritkán...,kluzlotok,kluzoztok,cselekszik,-lik,1
96,flüröklik / flüröközik,"flüröklik, flüröközni",tek,NA,"János imád flüröközni, ezért sokat flüröklik.",Ti ritkán...,flüröklötök,flürököztök,cselekszik,-lik,2
97,hákszik / hákodik,"hákszik, hákodni",nek,NA,"János imád hákodni, ezért sokat hákszik.",Ők ritkán...,hákszanak,hákodnak,cselekszik,-szik,1
98,fluboklik / flubokozik,"fluboklik, flubokozni",tek,NA,"János imád flubokozni, ezért sokat fluboklik.",Ti ritkán...,fluboklotok,flubokoztok,cselekszik,-lik,2
99,nyöbzik / nyöbözik,"nyöbzik, nyöbözni",nek,NA,"János imád nyöbözni, ezért sokat nyöbzik.",Ők ritkán...,nyöbzenek,nyöböznek,cselekszik,-zik,1
100,fröjzik / fröjözik,"fröjzik, fröjözni",tek,NA,"János imád fröjözni, ezért sokat fröjzik.",Ti ritkán...,fröjzötök,fröjöztök,cselekszik,-zik,1
101,dibáglik / dibágozik,"dibáglik, dibágozni",tek,NA,"János imád dibágozni, ezért sokat dibáglik.",Ti ritkán...,dibáglotok,dibágoztok,cselekszik,-lik,2
102,prihegszik / prihegedik,"prihegszik, prihegedni",nek,NA,"János imád prihegedni, ezért sokat prihegszik.",Ők ritkán...,prihegszenek,prihegednek,cselekszik,-szik,2
103,töglik / tögözik,"töglik, tögözni",nek,NA,"János imád tögözni, ezért sokat töglik.",Ők ritkán...,töglenek,tögöznek,cselekszik,-lik,1
104,hubonylik / hubonyozik,"hubonylik, hubonyozni",tek,NA,"János imád hubonyozni, ezért sokat hubonylik.",Ti ritkán...,hubonylotok,hubonyoztok,cselekszik,-lik,2
105,dilaklik / dilakozik,"dilaklik, dilakozni",tek,NA,"János imád dilakozni, ezért sokat dilaklik.",Ti ritkán...,dilaklotok,dilakoztok,cselekszik,-lik,2
106,flerékszik / flerékedik,"flerékszik, flerékedni",ünk,NA,"János imád flerékedni, ezért sokat flerékszik.",Mi ritkán...,flerékszünk,flerékedünk,cselekszik,-szik,2
107,flűgzik / flűgözik,"flűgzik, flűgözni",ünk,NA,"János imád flűgözni, ezért sokat flűgzik.",Mi ritkán...,flűgzünk,flűgözünk,cselekszik,-zik,1
108,prilepszik / prilepedik,"prilepszik, prilepedni",ünk,NA,"János imád prilepedni, ezért sokat prilepszik.",Mi ritkán...,prilepszünk,prilepedünk,cselekszik,-szik,2
